{
  "rows": [
    {
      "PwdLength": 15,
      "PwdType": "Easy to say",
      "PwdContent": "NA",
      "Password": ""
    },
    {
      "PwdLength": 20,
      "PwdType": "Easy to read",
      "PwdContent": "Numbers",
      "Password": "+uDh_@>AFJD_]p(U/hNe"
    },
    {
      "PwdLength": 25,
      "PwdType": "Easy to read",
      "PwdContent": "Symbols",
      "Password": "uxsFwBWtUDRWuRTECzWuTnsFg"
    },
    {
      "PwdLength": 30,
      "PwdType": "All characters",
      "PwdContent": "NA",
      "Password": "753ZNmAK0*$<X75LWC/Tz5Jnn/r1Oh"
    }
  ]
}